tribunal,classe_codigo,cnj_ano,N
TJAL,7,2003,1
TJAL,7,2007,2
TJAL,7,2009,3
TJAL,7,2011,2
TJAL,7,2012,6
TJAL,7,2013,7
TJAL,7,2014,4
TJAL,7,2015,10
TJAL,7,2016,18
TJAL,7,2017,17
TJAL,7,2018,19
TJAL,7,2019,29
TJAL,7,2020,23
TJAL,7,2021,46
TJAL,7,2022,43
TJAL,7,2023,49
TJAL,7,2024,85
TJAL,7,2025,84
TJAL,7,2026,52
TJAL,436,2002,1
TJAL,436,2005,1
TJAL,436,2006,2
TJAL,436,2007,1
TJAL,436,2008,2
TJAL,436,2009,13
TJAL,436,2010,9
TJAL,436,2011,5
TJAL,436,2012,13
TJAL,436,2013,10
TJAL,436,2014,10
TJAL,436,2015,11
TJAL,436,2016,19
TJAL,436,2017,15
TJAL,436,2018,21
TJAL,436,2019,36
TJAL,436,2020,35
TJAL,436,2021,38
TJAL,436,2022,53
TJAL,436,2023,51
TJAL,436,2024,60
TJAL,436,2025,58
TJAL,436,2026,36
TJBA,7,1969,1
TJBA,7,1990,2
TJBA,7,1996,1
TJBA,7,1997,1
TJBA,7,1998,3
TJBA,7,2000,1
TJBA,7,2001,1
TJBA,7,2005,6
TJBA,7,2006,6
TJBA,7,2007,3
TJBA,7,2008,14
TJBA,7,2009,9
TJBA,7,2010,10
TJBA,7,2011,9
TJBA,7,2012,12
TJBA,7,2013,12
TJBA,7,2014,11
TJBA,7,2015,12
TJBA,7,2016,12
TJBA,7,2017,18
TJBA,7,2018,17
TJBA,7,2019,16
TJBA,7,2020,31
TJBA,7,2021,45
TJBA,7,2022,35
TJBA,7,2023,40
TJBA,7,2024,61
TJBA,7,2025,71
TJBA,7,2026,40
TJBA,436,2010,1
TJBA,436,2011,1
TJBA,436,2012,1
TJBA,436,2014,1
TJBA,436,2015,7
TJBA,436,2016,7
TJBA,436,2017,3
TJBA,436,2018,22
TJBA,436,2019,43
TJBA,436,2020,76
TJBA,436,2021,56
TJBA,436,2022,58
TJBA,436,2023,57
TJBA,436,2024,47
TJBA,436,2025,55
TJBA,436,2026,65
TJCE,7,2000,6
TJCE,7,2006,1
TJCE,7,2008,1
TJCE,7,2009,2
TJCE,7,2010,4
TJCE,7,2011,6
TJCE,7,2012,5
TJCE,7,2013,12
TJCE,7,2014,10
TJCE,7,2015,10
TJCE,7,2016,16
TJCE,7,2017,11
TJCE,7,2018,29
TJCE,7,2019,38
TJCE,7,2020,10
TJCE,7,2021,33
TJCE,7,2022,46
TJCE,7,2023,52
TJCE,7,2024,88
TJCE,7,2025,71
TJCE,7,2026,49
TJCE,436,2008,1
TJCE,436,2009,2
TJCE,436,2010,2
TJCE,436,2011,1
TJCE,436,2012,3
TJCE,436,2013,5
TJCE,436,2014,4
TJCE,436,2015,3
TJCE,436,2016,11
TJCE,436,2017,15
TJCE,436,2018,14
TJCE,436,2019,42
TJCE,436,2020,35
TJCE,436,2021,53
TJCE,436,2022,56
TJCE,436,2023,53
TJCE,436,2024,68
TJCE,436,2025,74
TJCE,436,2026,58
TJDFT,7,2007,1
TJDFT,7,2009,2
TJDFT,7,2013,1
TJDFT,7,2014,1
TJDFT,7,2016,4
TJDFT,7,2017,5
TJDFT,7,2018,1
TJDFT,7,2019,4
TJDFT,7,2020,8
TJDFT,7,2021,18
TJDFT,7,2022,21
TJDFT,7,2023,27
TJDFT,7,2024,68
TJDFT,7,2025,143
TJDFT,7,2026,196
TJDFT,436,2013,1
TJDFT,436,2015,1
TJDFT,436,2017,4
TJDFT,436,2018,3
TJDFT,436,2019,10
TJDFT,436,2020,16
TJDFT,436,2021,22
TJDFT,436,2022,14
TJDFT,436,2023,17
TJDFT,436,2024,18
TJDFT,436,2025,77
TJDFT,436,2026,317
TJGO,7,2001,1
TJGO,7,2003,1
TJGO,7,2006,1
TJGO,7,2007,1
TJGO,7,2008,1
TJGO,7,2009,2
TJGO,7,2010,6
TJGO,7,2011,5
TJGO,7,2012,8
TJGO,7,2013,6
TJGO,7,2014,3
TJGO,7,2015,12
TJGO,7,2016,13
TJGO,7,2017,18
TJGO,7,2018,20
TJGO,7,2019,29
TJGO,7,2020,41
TJGO,7,2021,27
TJGO,7,2022,43
TJGO,7,2023,32
TJGO,7,2024,57
TJGO,7,2025,91
TJGO,7,2026,82
TJGO,436,2009,2
TJGO,436,2010,1
TJGO,436,2011,1
TJGO,436,2012,2
TJGO,436,2013,3
TJGO,436,2014,4
TJGO,436,2015,5
TJGO,436,2016,6
TJGO,436,2017,19
TJGO,436,2018,22
TJGO,436,2019,43
TJGO,436,2020,55
TJGO,436,2021,54
TJGO,436,2022,49
TJGO,436,2023,56
TJGO,436,2024,51
TJGO,436,2025,63
TJGO,436,2026,64
TJMG,7,1996,1
TJMG,7,1998,2
TJMG,7,2001,2
TJMG,7,2003,2
TJMG,7,2004,2
TJMG,7,2005,1
TJMG,7,2006,2
TJMG,7,2007,3
TJMG,7,2008,4
TJMG,7,2009,8
TJMG,7,2010,12
TJMG,7,2011,8
TJMG,7,2012,18
TJMG,7,2013,24
TJMG,7,2014,22
TJMG,7,2015,28
TJMG,7,2016,35
TJMG,7,2017,26
TJMG,7,2018,18
TJMG,7,2019,23
TJMG,7,2020,32
TJMG,7,2021,25
TJMG,7,2022,34
TJMG,7,2023,39
TJMG,7,2024,50
TJMG,7,2025,55
TJMG,7,2026,24
TJMG,436,1997,1
TJMG,436,2005,1
TJMG,436,2006,1
TJMG,436,2007,1
TJMG,436,2008,2
TJMG,436,2009,10
TJMG,436,2010,9
TJMG,436,2011,20
TJMG,436,2012,13
TJMG,436,2013,18
TJMG,436,2014,20
TJMG,436,2015,51
TJMG,436,2016,49
TJMG,436,2017,36
TJMG,436,2018,41
TJMG,436,2019,23
TJMG,436,2020,40
TJMG,436,2021,31
TJMG,436,2022,27
TJMG,436,2023,26
TJMG,436,2024,35
TJMG,436,2025,28
TJMG,436,2026,17
TJPE,7,1999,1
TJPE,7,2006,4
TJPE,7,2007,2
TJPE,7,2008,2
TJPE,7,2009,3
TJPE,7,2010,5
TJPE,7,2011,3
TJPE,7,2012,7
TJPE,7,2013,7
TJPE,7,2014,14
TJPE,7,2015,14
TJPE,7,2016,22
TJPE,7,2017,29
TJPE,7,2018,26
TJPE,7,2019,30
TJPE,7,2020,37
TJPE,7,2021,44
TJPE,7,2022,38
TJPE,7,2023,45
TJPE,7,2024,49
TJPE,7,2025,72
TJPE,7,2026,46
TJPE,436,2000,1
TJPE,436,2009,1
TJPE,436,2010,2
TJPE,436,2011,8
TJPE,436,2012,5
TJPE,436,2013,19
TJPE,436,2014,11
TJPE,436,2015,3
TJPE,436,2016,4
TJPE,436,2017,5
TJPE,436,2018,12
TJPE,436,2019,44
TJPE,436,2020,56
TJPE,436,2021,59
TJPE,436,2022,52
TJPE,436,2023,67
TJPE,436,2024,59
TJPE,436,2025,50
TJPE,436,2026,42
TJPR,436,2005,1
TJPR,436,2007,1
TJPR,436,2008,1
TJPR,436,2010,3
TJPR,436,2011,5
TJPR,436,2012,5
TJPR,436,2013,7
TJPR,436,2014,17
TJPR,436,2015,22
TJPR,436,2016,15
TJPR,436,2017,32
TJPR,436,2018,28
TJPR,436,2019,43
TJPR,436,2020,48
TJPR,436,2021,43
TJPR,436,2022,35
TJPR,436,2023,33
TJPR,436,2024,55
TJPR,436,2025,62
TJPR,436,2026,44
TJRJ,7,1978,1
TJRJ,7,1982,1
TJRJ,7,1984,1
TJRJ,7,1989,1
TJRJ,7,1990,2
TJRJ,7,1991,1
TJRJ,7,1992,1
TJRJ,7,1994,2
TJRJ,7,1995,1
TJRJ,7,1996,2
TJRJ,7,1997,1
TJRJ,7,1998,2
TJRJ,7,1999,2
TJRJ,7,2001,1
TJRJ,7,2004,2
TJRJ,7,2005,2
TJRJ,7,2006,4
TJRJ,7,2007,5
TJRJ,7,2008,7
TJRJ,7,2009,5
TJRJ,7,2010,6
TJRJ,7,2011,5
TJRJ,7,2012,6
TJRJ,7,2013,9
TJRJ,7,2014,15
TJRJ,7,2015,9
TJRJ,7,2016,14
TJRJ,7,2017,34
TJRJ,7,2018,35
TJRJ,7,2019,40
TJRJ,7,2020,25
TJRJ,7,2021,35
TJRJ,7,2022,40
TJRJ,7,2023,47
TJRJ,7,2024,60
TJRJ,7,2025,53
TJRJ,7,2026,23
TJRJ,436,2000,1
TJRJ,436,2006,1
TJRJ,436,2007,1
TJRJ,436,2009,2
TJRJ,436,2014,1
TJRJ,436,2016,1
TJRJ,436,2017,3
TJRJ,436,2018,4
TJRJ,436,2019,66
TJRJ,436,2020,18
TJRJ,436,2021,76
TJRJ,436,2022,69
TJRJ,436,2023,66
TJRJ,436,2024,71
TJRJ,436,2025,75
TJRJ,436,2026,45
TJRS,7,2003,1
TJRS,7,2005,1
TJRS,7,2007,3
TJRS,7,2008,7
TJRS,7,2009,3
TJRS,7,2010,4
TJRS,7,2011,9
TJRS,7,2012,13
TJRS,7,2013,10
TJRS,7,2014,15
TJRS,7,2015,16
TJRS,7,2016,21
TJRS,7,2017,17
TJRS,7,2018,25
TJRS,7,2019,39
TJRS,7,2020,33
TJRS,7,2021,33
TJRS,7,2022,41
TJRS,7,2023,41
TJRS,7,2024,63
TJRS,7,2025,76
TJRS,7,2026,29
TJRS,436,2010,2
TJRS,436,2011,3
TJRS,436,2012,4
TJRS,436,2013,3
TJRS,436,2014,3
TJRS,436,2015,8
TJRS,436,2016,15
TJRS,436,2017,23
TJRS,436,2018,30
TJRS,436,2019,64
TJRS,436,2020,36
TJRS,436,2021,42
TJRS,436,2022,50
TJRS,436,2023,58
TJRS,436,2024,49
TJRS,436,2025,65
TJRS,436,2026,45
TJSC,7,1992,2
TJSC,7,1993,1
TJSC,7,1994,1
TJSC,7,1995,2
TJSC,7,1996,1
TJSC,7,2003,1
TJSC,7,2004,1
TJSC,7,2005,3
TJSC,7,2007,7
TJSC,7,2008,3
TJSC,7,2009,3
TJSC,7,2010,6
TJSC,7,2011,10
TJSC,7,2012,10
TJSC,7,2013,11
TJSC,7,2014,11
TJSC,7,2015,10
TJSC,7,2016,12
TJSC,7,2017,16
TJSC,7,2018,23
TJSC,7,2019,44
TJSC,7,2020,42
TJSC,7,2021,63
TJSC,7,2022,40
TJSC,7,2023,36
TJSC,7,2024,58
TJSC,7,2025,56
TJSC,7,2026,27
TJSC,436,2007,2
TJSC,436,2008,1
TJSC,436,2009,1
TJSC,436,2010,3
TJSC,436,2011,1
TJSC,436,2012,2
TJSC,436,2013,3
TJSC,436,2014,3
TJSC,436,2015,7
TJSC,436,2016,11
TJSC,436,2017,18
TJSC,436,2018,21
TJSC,436,2019,33
TJSC,436,2020,58
TJSC,436,2021,68
TJSC,436,2022,50
TJSC,436,2023,59
TJSC,436,2024,55
TJSC,436,2025,68
TJSC,436,2026,36
TJSP,7,1995,2
TJSP,7,1996,1
TJSP,7,1998,3
TJSP,7,2001,2
TJSP,7,2002,1
TJSP,7,2003,2
TJSP,7,2004,1
TJSP,7,2005,1
TJSP,7,2006,1
TJSP,7,2007,4
TJSP,7,2009,1
TJSP,7,2010,2
TJSP,7,2011,7
TJSP,7,2012,11
TJSP,7,2013,13
TJSP,7,2014,5
TJSP,7,2015,11
TJSP,7,2016,15
TJSP,7,2017,23
TJSP,7,2018,20
TJSP,7,2019,33
TJSP,7,2020,34
TJSP,7,2021,43
TJSP,7,2022,51
TJSP,7,2023,56
TJSP,7,2024,63
TJSP,7,2025,61
TJSP,7,2026,33
TJSP,436,1993,1
TJSP,436,1997,1
TJSP,436,2000,2
TJSP,436,2001,2
TJSP,436,2002,4
TJSP,436,2004,2
TJSP,436,2005,2
TJSP,436,2006,2
TJSP,436,2007,5
TJSP,436,2008,6
TJSP,436,2009,7
TJSP,436,2010,5
TJSP,436,2011,3
TJSP,436,2012,8
TJSP,436,2013,6
TJSP,436,2014,5
TJSP,436,2015,2
TJSP,436,2016,9
TJSP,436,2017,10
TJSP,436,2018,15
TJSP,436,2019,48
TJSP,436,2020,34
TJSP,436,2021,62
TJSP,436,2022,47
TJSP,436,2023,80
TJSP,436,2024,53
TJSP,436,2025,52
TJSP,436,2026,27
