doc_id,numero_processo,tribunal,grau,classe_codigo,oj_codigo,oj_municipio_ibge,cnj_ano,data_ajuizamento,data_ultima_atualizacao,n_movimentos,t_distribuicao,t_analise_inicial,t_citacao,t_defesa,t_instrucao,t_audiencia,t_conclusao_julgamento,t_sentenca,t_recurso,t_julgamento_recursal,t_cumprimento,t_baixa,t_suspensao,t_transito_julgado,t0,t0_fonte,evento_sentenca,dias_ate_sentenca,evento_baixa,dias_ate_baixa,n_mov_sem_estado,prop_mov_sem_estado,n_sentencas,reaberto,suspenso,redistribuido,datas_impossiveis
TJAL_436_JE_6534_07003312820198020006,07003312820198020006,TJAL,JE,436,6534,2701209,2019,2019-09-19T11:55:03Z,2023-08-07T23:26:13Z,56,2019-09-19T11:56:58Z,,2019-10-22T10:21:37Z,,,2019-12-17T11:19:10Z,,2019-09-27T11:34:10Z,,,2020-03-20T14:08:00Z,2020-02-28T14:06:24Z,,2020-03-20T14:09:43Z,2019-09-19T11:56:58Z,mov_26,TRUE,7.98416666666667,TRUE,162.089884259259,15,0.267857142857143,1,TRUE,FALSE,FALSE,0
TJAL_436_JE_6534_07003520420198020006,07003520420198020006,TJAL,JE,436,6534,2701209,2019,2019-09-20T11:39:03Z,2023-08-07T23:26:13Z,22,2019-09-20T11:40:57Z,,2019-10-24T10:30:35Z,,,2019-10-24T09:14:09Z,,2019-09-27T11:34:21Z,,,,2020-03-09T13:21:15Z,,,2019-09-20T11:40:57Z,mov_26,TRUE,6.99541666666667,TRUE,171.069652777778,7,0.318181818181818,1,FALSE,FALSE,FALSE,0
TJAL_436_JE_6534_07003555620198020006,07003555620198020006,TJAL,JE,436,6534,2701209,2019,2019-09-20T12:06:44Z,2023-08-07T23:26:13Z,49,2019-09-20T12:08:04Z,,2019-10-24T10:34:41Z,,,2019-10-22T10:25:17Z,,2019-09-27T11:50:22Z,,,,2020-09-30T12:17:31Z,,2020-09-30T10:34:27Z,2019-09-20T12:08:04Z,mov_26,TRUE,6.98770833333333,TRUE,376.0065625,15,0.306122448979592,1,FALSE,FALSE,FALSE,0
TJAL_436_JE_6534_07003616320198020006,07003616320198020006,TJAL,JE,436,6534,2701209,2019,2019-09-20T16:00:03Z,2023-08-07T23:26:13Z,40,2019-09-20T16:00:45Z,,2019-10-22T12:57:54Z,,,2019-12-03T10:59:21Z,,2019-09-27T11:35:00Z,,,,2020-05-28T14:16:11Z,,2020-05-18T17:11:41Z,2019-09-20T16:00:45Z,mov_26,TRUE,6.81545138888889,TRUE,250.927384259259,9,0.225,1,FALSE,FALSE,FALSE,0
TJAL_436_JE_6534_07003624820198020006,07003624820198020006,TJAL,JE,436,6534,2701209,2019,2019-09-20T16:11:27Z,2023-08-07T23:26:13Z,29,2019-09-20T16:16:09Z,,2019-10-24T10:52:09Z,,,2019-10-24T10:33:36Z,,2019-09-27T11:35:12Z,,,,2020-01-06T11:04:41Z,,,2019-09-20T16:16:09Z,mov_26,TRUE,6.80489583333333,TRUE,107.783703703704,7,0.241379310344828,1,FALSE,FALSE,FALSE,0
TJAL_436_JE_6534_07003694020198020006,07003694020198020006,TJAL,JE,436,6534,2701209,2019,2019-09-23T12:02:31Z,2023-08-07T23:26:13Z,34,2019-09-23T12:05:43Z,,2019-10-23T09:00:42Z,,,2019-10-22T09:14:37Z,,2019-09-27T11:36:00Z,,,,2020-04-13T13:34:05Z,,,2019-09-23T12:05:43Z,mov_26,TRUE,3.97936342592593,TRUE,203.061365740741,10,0.294117647058824,1,FALSE,FALSE,FALSE,0
TJAL_436_JE_6534_07003737720198020006,07003737720198020006,TJAL,JE,436,6534,2701209,2019,2019-09-23T15:06:15Z,2023-08-07T23:26:13Z,70,2019-09-23T15:12:13Z,,2019-10-22T10:41:05Z,,,2019-10-22T10:03:52Z,,2019-09-27T11:36:51Z,,,,2020-07-30T13:18:06Z,,,2019-09-23T15:12:13Z,mov_26,TRUE,3.85043981481482,TRUE,310.920752314815,22,0.314285714285714,1,FALSE,FALSE,FALSE,0
TJAL_436_JE_6534_07003823920198020006,07003823920198020006,TJAL,JE,436,6534,2701209,2019,2019-09-23T17:47:24Z,2023-08-07T23:26:13Z,91,2019-09-23T17:51:23Z,,2019-10-24T11:49:18Z,,,2019-10-22T10:38:53Z,,2019-09-27T11:38:01Z,,,,2020-08-25T11:06:07Z,,,2019-09-23T17:51:23Z,mov_26,TRUE,3.74071759259259,TRUE,336.718564814815,27,0.296703296703297,1,FALSE,FALSE,FALSE,0
TJAL_436_JE_6534_07003832420198020006,07003832420198020006,TJAL,JE,436,6534,2701209,2019,2019-09-23T17:54:06Z,2023-08-07T23:26:13Z,42,2019-09-23T17:58:04Z,,2019-10-22T10:41:15Z,,,2019-10-22T10:04:36Z,,2019-09-27T11:38:12Z,,,,2020-05-28T14:08:26Z,,,2019-09-23T17:58:04Z,mov_26,TRUE,3.7362037037037,TRUE,247.840532407407,9,0.214285714285714,1,FALSE,FALSE,FALSE,0
TJAL_436_JE_6534_07003867620198020006,07003867620198020006,TJAL,JE,436,6534,2701209,2019,2019-09-24T09:20:41Z,2023-08-07T23:26:13Z,34,2019-09-24T09:21:53Z,,2019-10-22T13:29:45Z,,,2019-12-11T12:20:42Z,,2019-09-27T11:38:45Z,,,2020-01-17T10:57:42Z,2020-06-13T17:32:59Z,,,2019-09-24T09:21:53Z,mov_26,TRUE,3.0950462962963,TRUE,263.341041666667,8,0.235294117647059,1,FALSE,FALSE,FALSE,0
TJAL_7_G2_43593_00007150520118020041,00007150520118020041,TJAL,G2,7,43593,2704302,2011,2019-09-10T15:05:08Z,2020-08-18T16:34:44Z,57,,,,,,,,,,2020-05-25T16:16:01Z,2019-10-30T12:19:06Z,2020-07-31T10:59:33Z,,,2019-09-10T15:05:08Z,dataAjuizamento,FALSE,343.062222222222,TRUE,324.829456018519,48,0.842105263157895,0,FALSE,FALSE,FALSE,0
TJAL_7_G2_43593_08028397020198020000,08028397020198020000,TJAL,G2,7,43593,2704302,2019,2019-05-20T16:57:02Z,2022-01-05T18:58:07Z,55,2019-05-21T10:44:59Z,,,,,,,,,2021-07-09T10:30:49Z,,2021-12-10T11:55:28Z,,,2019-05-21T10:44:59Z,mov_26,FALSE,960.342453703704,TRUE,934.048946759259,46,0.836363636363636,0,FALSE,FALSE,FALSE,0
TJAL_7_G2_43596_08082717020198020000,08082717020198020000,TJAL,G2,7,43596,2704302,2019,2019-12-18T23:21:21Z,2020-10-05T13:12:38Z,20,2019-12-19T12:51:06Z,,,,,,,,,2020-02-13T14:51:37Z,,,,,2019-12-19T12:51:06Z,mov_26,FALSE,291.014953703704,FALSE,291.014953703704,13,0.65,0,FALSE,FALSE,FALSE,0
TJAL_7_G2_80064_08011880320198020000,08011880320198020000,TJAL,G2,7,80064,2704302,2019,2019-02-27T16:16:44Z,2021-10-16T00:21:42Z,65,2019-02-28T15:44:40Z,,,,,,,,,2019-11-12T15:38:51Z,,2021-08-13T12:35:26Z,,,2019-02-28T15:44:40Z,mov_26,FALSE,960.359050925926,TRUE,896.868587962963,53,0.815384615384615,0,FALSE,FALSE,FALSE,0
TJAL_7_TR_43593_07223253520168020001,07223253520168020001,TJAL,TR,7,43593,2704302,2016,2019-01-16T00:00:00Z,2022-05-04T10:30:43Z,23,,,,,,,,,,,,,,,2019-01-16T00:00:00Z,dataAjuizamento,FALSE,1204.43799768519,FALSE,1204.43799768519,19,0.826086956521739,0,FALSE,FALSE,FALSE,7
TJAL_7_TR_43593_08003831020198029002,08003831020198029002,TJAL,TR,7,43593,2704302,2019,2019-12-31T08:35:21Z,2022-05-05T17:33:45Z,10,,,,,,,,,,,,,,,2019-12-31T08:35:21Z,dataAjuizamento,FALSE,856.373888888889,FALSE,856.373888888889,8,0.8,0,FALSE,FALSE,FALSE,0
TJAL_7_TR_43593_08011907020198020000,08011907020198020000,TJAL,TR,7,43593,2704302,2019,2019-02-27T16:32:32Z,2022-05-05T17:33:19Z,125,2019-02-28T15:44:43Z,,,,,,,,2022-03-31T12:24:01Z,2020-10-06T12:49:16Z,,2021-08-26T10:34:19Z,,,2019-02-28T15:44:43Z,mov_26,FALSE,1162.07541666667,TRUE,909.784444444445,89,0.712,0,TRUE,FALSE,FALSE,0
TJAL_7_TR_43593_08014530520198020000,08014530520198020000,TJAL,TR,7,43593,2704302,2019,2019-03-14T14:12:42Z,2022-05-05T17:33:40Z,107,2019-03-18T14:14:07Z,,,,,,,,,2020-06-16T16:09:19Z,2019-04-05T13:28:57Z,2022-02-23T10:51:50Z,,,2019-03-18T14:14:07Z,mov_26,FALSE,1144.13857638889,TRUE,1072.85952546296,79,0.738317757009346,0,FALSE,FALSE,FALSE,0
TJAL_7_TR_43593_08054534820198020000,08054534820198020000,TJAL,TR,7,43593,2704302,2019,2019-09-04T11:45:58Z,2022-05-04T10:30:44Z,44,2019-09-04T16:41:55Z,,,,,,,,,,,,,,2019-09-04T16:41:55Z,mov_26,FALSE,972.742233796296,FALSE,972.742233796296,34,0.772727272727273,0,FALSE,FALSE,FALSE,0
TJAL_7_TR_43593_08083825420198020000,08083825420198020000,TJAL,TR,7,43593,2704302,2019,2019-12-29T17:10:21Z,2022-05-05T17:33:22Z,9,2019-12-30T11:41:24Z,,,,,,,,,,,,,,2019-12-30T11:41:24Z,mov_26,FALSE,857.244421296296,FALSE,857.244421296296,6,0.666666666666667,0,FALSE,FALSE,FALSE,0
TJCE_G1_00006675020198060107,00006675020198060107,TJCE,G1,436,87928,2306900,2019,2019-02-13T00:00:00Z,2025-10-13T13:11:29Z,187,2019-02-15T11:55:29Z,,2019-05-13T13:46:20Z,2019-06-18T11:00:17Z,,2019-04-26T16:04:54Z,2022-04-25T08:39:27Z,2019-07-30T14:45:20Z,2025-09-02T13:45:21Z,2019-02-15T11:57:09Z,2022-06-29T15:00:32Z,,,2022-05-31T12:17:55Z,2019-02-15T11:55:29Z,mov_26,TRUE,165.117951388889,FALSE,2432.05277777778,85,0.454545454545455,2,FALSE,FALSE,TRUE,0
TJCE_G1_00011608520198060120,00011608520198060120,TJCE,G1,7,86147,2307809,2019,2019-08-08T00:00:00Z,2025-10-13T12:57:02Z,107,2019-08-09T10:41:15Z,,2019-09-03T10:34:05Z,2019-11-05T16:27:37Z,,2019-08-30T12:33:05Z,,,,2019-08-09T11:48:38Z,,,,,2019-08-09T10:41:15Z,mov_26,FALSE,2257.09429398148,FALSE,2257.09429398148,59,0.551401869158879,0,FALSE,FALSE,TRUE,0
TJCE_G1_00013829420198060074,00013829420198060074,TJCE,G1,7,8472,2304251,2019,2019-09-05T00:00:00Z,2025-10-13T12:47:03Z,116,2019-09-10T11:13:21Z,,2020-09-14T14:20:06Z,,,2020-08-26T14:30:57Z,,,,2019-09-10T11:17:54Z,,,,,2019-09-10T11:13:21Z,mov_26,FALSE,2225.06506944444,FALSE,2225.06506944444,62,0.53448275862069,0,FALSE,FALSE,FALSE,0
TJCE_G1_00038314420198060100,00038314420198060100,TJCE,G1,436,90442,0,2019,2019-10-14T00:00:00Z,2025-10-13T13:16:37Z,95,2019-10-15T11:06:16Z,,2020-12-03T12:32:24Z,2025-05-08T13:46:10Z,,2025-02-24T14:37:46Z,2025-08-06T15:21:28Z,2020-02-10T01:24:43Z,2020-08-06T16:51:56Z,2019-10-16T13:53:00Z,,,,,2019-10-15T11:06:16Z,mov_26,TRUE,117.596145833333,FALSE,2190.09052083333,34,0.357894736842105,2,TRUE,FALSE,TRUE,0
TJCE_G1_00038903220198060100,00038903220198060100,TJCE,G1,436,90442,0,2019,2019-10-15T00:00:00Z,2025-10-13T13:16:37Z,66,2019-10-16T13:36:55Z,,2022-02-04T14:15:43Z,,,,,2020-02-28T13:53:39Z,2020-09-21T09:46:30Z,2019-10-17T17:51:50Z,,2025-09-05T18:48:33Z,,2025-09-05T18:48:28Z,2019-10-16T13:36:55Z,mov_26,TRUE,135.01162037037,TRUE,2151.21641203704,16,0.242424242424242,2,TRUE,FALSE,TRUE,0
TJCE_G1_00082927620198060062,00082927620198060062,TJCE,G1,7,8553,2303501,2019,2019-08-14T00:00:00Z,2025-10-13T12:38:56Z,92,2019-08-14T08:31:59Z,,2019-10-18T11:03:33Z,,2023-09-12T14:06:08Z,2019-10-02T15:25:13Z,2020-09-08T13:10:32Z,,,,,,,,2019-08-14T08:31:59Z,mov_26,FALSE,2252.17149305556,FALSE,2252.17149305556,16,0.173913043478261,0,FALSE,FALSE,FALSE,0
TJCE_G1_00300206920198060129,00300206920198060129,TJCE,G1,436,86146,2307809,2019,2019-10-22T00:00:00Z,2025-10-13T12:56:59Z,79,2019-10-22T11:41:00Z,,2020-09-01T11:57:52Z,,,,2024-12-18T14:15:04Z,2024-12-18T14:21:12Z,2025-05-08T11:24:39Z,2023-01-27T14:05:23Z,,,,,2019-10-22T11:41:00Z,mov_26,TRUE,1884.11125,FALSE,2183.0527662037,20,0.253164556962025,1,TRUE,FALSE,TRUE,0
TJCE_G1_00534634520198060098,00534634520198060098,TJCE,G1,436,90442,0,2019,2019-09-27T00:00:00Z,2025-10-13T13:16:37Z,62,2019-10-09T13:25:49Z,,2021-10-13T08:31:58Z,2021-11-03T10:53:09Z,,2021-08-04T10:38:51Z,2022-03-21T12:08:45Z,2022-08-12T13:34:56Z,2022-10-03T14:42:23Z,,,,,,2019-10-09T13:25:49Z,mov_26,TRUE,1038.00633101852,FALSE,2195.99361111111,12,0.193548387096774,1,FALSE,FALSE,TRUE,0
TJCE_G1_00592497920198060095,00592497920198060095,TJCE,G1,7,8641,2305803,2019,2019-10-21T00:00:00Z,2025-10-13T13:08:52Z,41,2019-10-21T12:39:23Z,,2020-04-14T13:03:50Z,,,,,,,,,,,,2019-10-21T12:39:23Z,mov_26,FALSE,2184.02047453704,FALSE,2184.02047453704,12,0.292682926829268,0,FALSE,FALSE,FALSE,0
TJCE_G1_01069372820198060001,01069372820198060001,TJCE,G1,7,8445,2304400,2019,2019-01-30T00:00:00Z,2025-10-13T12:50:20Z,49,2019-02-01T09:57:33Z,,2019-06-26T15:51:00Z,2020-10-20T09:55:21Z,,,2020-11-03T15:35:22Z,,,,,,,,2019-02-01T09:57:33Z,mov_26,FALSE,2446.11998842593,FALSE,2446.11998842593,7,0.142857142857143,0,FALSE,FALSE,FALSE,0
TJCE_G1_01249870520198060001,01249870520198060001,TJCE,G1,7,8619,2304400,2019,2019-04-15T00:00:00Z,2025-10-13T12:57:16Z,225,2019-04-16T13:39:24Z,,2019-07-02T08:59:15Z,2019-10-01T12:39:47Z,2022-11-30T15:18:47Z,2025-04-03T09:49:37Z,2025-06-12T16:17:08Z,2025-06-27T10:04:28Z,2025-08-13T10:11:20Z,,,,,,2019-04-16T13:39:24Z,mov_26,TRUE,2263.85074074074,FALSE,2371.97074074074,28,0.124444444444444,1,FALSE,FALSE,TRUE,0
TJCE_G1_01272951420198060001,01272951420198060001,TJCE,G1,7,8502,2304400,2019,2019-04-24T00:00:00Z,2025-10-13T12:47:32Z,135,2019-04-26T08:39:23Z,,,,2021-07-12T20:25:13Z,,2025-09-04T14:32:29Z,,,,,,,,2019-04-26T08:39:23Z,mov_26,FALSE,2362.17232638889,FALSE,2362.17232638889,41,0.303703703703704,0,FALSE,FALSE,FALSE,0
TJCE_G1_01370523220198060001,01370523220198060001,TJCE,G1,7,8502,2304400,2019,2019-05-28T00:00:00Z,2025-10-13T12:47:32Z,126,2019-05-29T14:51:11Z,,2019-06-12T18:21:01Z,,,2019-06-03T15:17:38Z,,,,,,,,,2019-05-29T14:51:11Z,mov_26,FALSE,2328.91413194444,FALSE,2328.91413194444,28,0.222222222222222,0,FALSE,FALSE,FALSE,0
TJCE_G1_01531231220198060001,01531231220198060001,TJCE,G1,7,84264,2304400,2019,2019-07-17T00:00:00Z,2025-10-13T12:40:04Z,43,2019-07-24T17:22:59Z,,2025-08-19T09:25:44Z,,,,,,,,,,2025-06-03T09:46:56Z,,2019-07-24T17:22:59Z,mov_26,FALSE,2272.80353009259,FALSE,2272.80353009259,5,0.116279069767442,0,FALSE,TRUE,TRUE,0
TJCE_G1_01866375320198060001,01866375320198060001,TJCE,G1,7,8619,2304400,2019,2019-10-29T00:00:00Z,2025-10-13T12:57:16Z,71,2019-11-08T07:13:37Z,,2019-11-20T09:05:09Z,2020-01-14T13:56:41Z,,,,2025-06-24T16:00:13Z,,,,2025-09-03T08:32:24Z,2020-06-01T11:02:10Z,2025-09-03T08:31:41Z,2019-11-08T07:13:37Z,mov_26,TRUE,2055.36569444444,TRUE,2126.05471064815,10,0.140845070422535,1,FALSE,TRUE,FALSE,0
TJCE_G1_30000028420198060138,30000028420198060138,TJCE,G1,436,8747,2309805,2019,2019-03-07T00:00:00Z,2025-10-13T13:06:41Z,40,2019-03-07T16:01:28Z,,2021-04-05T10:49:04Z,,,2019-03-07T16:01:28Z,2019-07-24T10:41:04Z,2019-08-22T10:06:44Z,,,,,,2025-01-13T17:26:22Z,2019-03-07T16:01:28Z,mov_26,TRUE,167.753657407407,FALSE,2411.87862268519,10,0.25,1,FALSE,FALSE,FALSE,0
TJCE_G1_30001138320198060036,30001138320198060036,TJCE,G1,436,8436,2301208,2019,2019-01-23T00:00:00Z,2025-10-13T12:37:56Z,50,2019-01-23T13:21:36Z,,2019-09-26T13:50:43Z,,,2019-01-23T13:21:36Z,,,,,,,,,2019-01-23T13:21:36Z,mov_26,FALSE,2454.96967592593,FALSE,2454.96967592593,24,0.48,0,FALSE,FALSE,FALSE,0
TJCE_JE_30004376620198060006,30004376620198060006,TJCE,JE,436,79737,2304400,2019,2019-04-23T00:00:00Z,2025-10-13T12:58:43Z,45,2019-04-23T16:17:02Z,,2019-05-03T14:45:07Z,2019-06-26T10:09:50Z,,2019-04-23T16:17:03Z,2019-09-16T14:13:17Z,2020-06-25T10:54:44Z,,,,2022-04-19T14:22:34Z,,2025-09-20T20:09:02Z,2019-04-23T16:17:02Z,mov_26,TRUE,428.776180555556,TRUE,1091.92050925926,13,0.288888888888889,2,TRUE,FALSE,FALSE,0
TJCE_JE_30006759720198060002,30006759720198060002,TJCE,JE,436,79734,2304400,2019,2019-02-27T00:00:00Z,2025-10-13T12:58:53Z,114,2019-02-27T10:01:24Z,,2019-02-28T13:23:14Z,,,2019-02-27T10:01:25Z,2022-07-25T17:02:46Z,2022-07-26T12:50:15Z,2022-08-22T16:05:47Z,,,2025-09-22T13:49:57Z,,2025-09-22T13:49:52Z,2019-02-27T10:01:24Z,mov_26,TRUE,1245.11725694444,TRUE,2399.15871527778,35,0.307017543859649,2,TRUE,FALSE,FALSE,0
TJCE_JE_30013025320198060018,30013025320198060018,TJCE,JE,436,79750,2304400,2019,2019-11-19T00:00:00Z,2025-10-13T13:08:04Z,35,2019-11-19T14:56:34Z,,2021-09-13T16:26:12Z,,,2019-11-19T14:56:34Z,2021-10-04T15:38:50Z,2021-10-06T10:51:03Z,,,,2025-09-10T09:30:28Z,,2025-07-18T16:25:27Z,2019-11-19T14:56:34Z,mov_26,TRUE,686.829502314815,TRUE,2121.77354166667,12,0.342857142857143,1,FALSE,FALSE,FALSE,0
TJMG_436_JE_13010_00025017920198130241,00025017920198130241,TJMG,JE,436,13010,0,2019,2019-01-28T16:47:00Z,2019-07-12T18:35:40Z,12,,,,,,,,,,,,,,,2019-01-28T16:47:00Z,dataAjuizamento,FALSE,165.075462962963,FALSE,165.075462962963,0,0,0,FALSE,FALSE,FALSE,0
TJMG_436_JE_17952_00097312420198130452,00097312420198130452,TJMG,JE,436,17952,0,2019,2019-02-21T19:09:00Z,2019-07-21T23:55:57Z,10,,,,,,,,,,,,,,,2019-02-21T19:09:00Z,dataAjuizamento,FALSE,150.199270833333,FALSE,150.199270833333,0,0,0,FALSE,FALSE,FALSE,0
TJMG_436_JE_17952_00124126420198130452,00124126420198130452,TJMG,JE,436,17952,0,2019,2019-05-20T18:41:00Z,2019-07-27T06:28:27Z,9,,,,,,,,,,,,,,,2019-05-20T18:41:00Z,dataAjuizamento,FALSE,67.4912847222222,FALSE,67.4912847222222,0,0,0,FALSE,FALSE,FALSE,0
TJMG_436_JE_40581_00362671820198130567,00362671820198130567,TJMG,JE,436,40581,0,2019,2019-05-30T18:38:00Z,2019-07-18T15:40:43Z,3,,,,,,,,,,,,,,,2019-05-30T18:38:00Z,dataAjuizamento,FALSE,48.8768865740741,FALSE,48.8768865740741,0,0,0,FALSE,FALSE,FALSE,0
TJMG_436_JE_40581_00377378420198130567,00377378420198130567,TJMG,JE,436,40581,0,2019,2019-05-31T19:50:00Z,2019-07-18T15:39:19Z,3,,,,,,,,,,,,,,,2019-05-31T19:50:00Z,dataAjuizamento,FALSE,47.8259143518519,FALSE,47.8259143518519,0,0,0,FALSE,FALSE,FALSE,0
TJMG_436_JE_5779_00006754120198130686,00006754120198130686,TJMG,JE,436,5779,0,2019,2019-01-10T15:00:00Z,2019-07-17T08:05:51Z,18,,,,,,,,,,,,,,,2019-01-10T15:00:00Z,dataAjuizamento,FALSE,187.712395833333,FALSE,187.712395833333,0,0,0,FALSE,FALSE,FALSE,0
TJMG_436_JE_5817_00885076720198130313,00885076720198130313,TJMG,JE,436,5817,0,2019,2019-06-12T16:07:00Z,2019-07-21T23:54:46Z,4,,,,,,,,,,,,,,,2019-06-12T16:07:00Z,dataAjuizamento,FALSE,39.324837962963,FALSE,39.324837962963,0,0,0,FALSE,FALSE,FALSE,0
TJMG_436_JE_5950_00408163920198130707,00408163920198130707,TJMG,JE,436,5950,0,2019,2019-04-09T19:28:00Z,2019-07-21T23:55:58Z,13,,,,,,,,,,,,,,,2019-04-09T19:28:00Z,dataAjuizamento,FALSE,103.186087962963,FALSE,103.186087962963,0,0,0,FALSE,FALSE,FALSE,0
TJMG_436_JE_6012_00175289120198130471,00175289120198130471,TJMG,JE,436,6012,0,2019,2019-01-31T17:45:00Z,2019-07-17T17:03:03Z,31,,,,,,,,,,,,,,,2019-01-31T17:45:00Z,dataAjuizamento,FALSE,166.970868055556,FALSE,166.970868055556,0,0,0,FALSE,FALSE,FALSE,0
TJMG_436_JE_6202_00021936920198130394,00021936920198130394,TJMG,JE,436,6202,0,2019,2019-01-16T14:15:00Z,2019-07-11T18:11:17Z,26,,,,,,,,,,,,,,,2019-01-16T14:15:00Z,dataAjuizamento,FALSE,176.164085648148,FALSE,176.164085648148,0,0,0,FALSE,FALSE,FALSE,0
TJMG_7_G1_13010_00148371820198130241,00148371820198130241,TJMG,G1,7,13010,0,2019,2019-03-26T18:54:00Z,2019-07-17T08:02:23Z,11,,,,,,,,,,,,,,,2019-03-26T18:54:00Z,dataAjuizamento,FALSE,112.547488425926,FALSE,112.547488425926,0,0,0,FALSE,FALSE,FALSE,0
TJMG_7_G1_13010_00235646320198130241,00235646320198130241,TJMG,G1,7,13010,0,2019,2019-05-09T20:26:00Z,2019-07-13T07:02:23Z,3,,,,,,,,,,,,,,,2019-05-09T20:26:00Z,dataAjuizamento,FALSE,64.4419328703704,FALSE,64.4419328703704,0,0,0,FALSE,FALSE,FALSE,0
TJMG_7_G1_3782_00130162820198130451,00130162820198130451,TJMG,G1,7,3782,0,2019,2019-06-05T17:40:00Z,2019-07-24T22:59:24Z,3,,,,,,,,,,,,,,,2019-06-05T17:40:00Z,dataAjuizamento,FALSE,49.2218055555556,FALSE,49.2218055555556,0,0,0,FALSE,FALSE,FALSE,0
TJMG_7_G1_3920_00136835020198130051,00136835020198130051,TJMG,G1,7,3920,0,2019,2019-05-30T18:21:00Z,2019-07-17T16:59:37Z,3,,,,,,,,,,,,,,,2019-05-30T18:21:00Z,dataAjuizamento,FALSE,47.9434837962963,FALSE,47.9434837962963,0,0,0,FALSE,FALSE,FALSE,0
TJMG_7_G1_4034_50001817420198130433,50001817420198130433,TJMG,G1,7,4034,0,2019,2019-01-11T16:17:00Z,2019-05-27T23:20:33Z,6,,,,,,,,,,,,,,,2019-01-11T16:17:00Z,dataAjuizamento,FALSE,136.294131944444,FALSE,136.294131944444,0,0,0,FALSE,FALSE,FALSE,0
TJMG_7_G1_4295_00013013120198130243,00013013120198130243,TJMG,G1,7,4295,0,2019,2019-01-23T15:45:00Z,2019-08-05T16:59:16Z,13,,,,,,,,,,,,,,,2019-01-23T15:45:00Z,dataAjuizamento,FALSE,194.051574074074,FALSE,194.051574074074,0,0,0,FALSE,FALSE,FALSE,0
TJMG_7_G1_5230_50002952720198130105,50002952720198130105,TJMG,G1,7,5230,0,2019,2019-01-09T21:05:00Z,2019-04-14T16:15:50Z,4,,,,,,,,,,,,,,,2019-01-09T21:05:00Z,dataAjuizamento,FALSE,94.7991898148148,FALSE,94.7991898148148,0,0,0,FALSE,FALSE,FALSE,0
TJMG_7_G1_5358_00078754220198130414,00078754220198130414,TJMG,G1,7,5358,0,2019,2019-03-22T21:33:00Z,2019-07-17T16:59:19Z,9,,,,,,,,,,,,,,,2019-03-22T21:33:00Z,dataAjuizamento,FALSE,116.80994212963,FALSE,116.80994212963,0,0,0,FALSE,FALSE,FALSE,0
TJMG_7_G1_5760_51492029520168130024,51492029520168130024,TJMG,G1,7,5760,0,2016,2019-01-09T13:02:00Z,2019-04-14T16:16:16Z,49,,,,,,,,,,,,,,,2019-01-09T13:02:00Z,dataAjuizamento,FALSE,95.1349074074074,FALSE,95.1349074074074,0,0,0,FALSE,FALSE,FALSE,0
TJMG_7_G1_5851_00017481520198130309,00017481520198130309,TJMG,G1,7,5851,0,2019,2019-01-17T20:34:00Z,2019-07-11T18:12:05Z,11,,,,,,,,,,,,,,,2019-01-17T20:34:00Z,dataAjuizamento,FALSE,174.901446759259,FALSE,174.901446759259,0,0,0,FALSE,FALSE,FALSE,0
TJSP_G1_00082443520198260071,00082443520198260071,TJSP,G1,436,59925,,2019,2019-04-09T10:58:03Z,2024-08-02T00:08:07Z,97,2019-04-09T11:05:04Z,,2019-04-10T09:42:21Z,,,2019-04-09T11:11:25Z,,2020-10-22T21:26:29Z,,,,2020-12-16T13:12:00Z,,,2019-04-09T11:05:04Z,mov_26,TRUE,562.431539351852,TRUE,617.088148148148,17,0.175257731958763,1,FALSE,FALSE,FALSE,0
TJSP_G1_00129523120198260071,00129523120198260071,TJSP,G1,436,59925,,2019,2019-05-31T12:43:41Z,2024-08-02T00:07:37Z,39,2019-05-31T12:52:57Z,,2019-06-03T12:19:31Z,,,2019-05-31T12:55:20Z,2019-09-23T13:15:21Z,2019-09-30T17:02:25Z,,,,2020-01-09T15:20:27Z,,,2019-05-31T12:52:57Z,mov_26,TRUE,122.173240740741,TRUE,223.102430555556,9,0.230769230769231,1,FALSE,FALSE,FALSE,0
TJSP_G1_00129982020198260071,00129982020198260071,TJSP,G1,436,59925,,2019,2019-05-31T15:31:37Z,2024-08-02T00:07:55Z,67,2019-05-31T15:36:22Z,,2019-06-07T16:52:44Z,,,,2019-07-17T11:03:09Z,2019-09-09T13:01:13Z,,,,2020-02-20T16:09:26Z,,,2019-05-31T15:36:22Z,mov_26,TRUE,100.892256944444,TRUE,265.022962962963,13,0.194029850746269,2,FALSE,FALSE,FALSE,0
TJSP_G1_00129990520198260071,00129990520198260071,TJSP,G1,436,59925,,2019,2019-05-31T15:38:38Z,2024-08-02T00:07:56Z,63,2019-05-31T15:46:08Z,,2019-06-03T12:20:01Z,,,2019-05-31T15:49:07Z,2019-08-30T15:41:27Z,2019-09-05T17:13:03Z,2019-10-22T14:33:23Z,2020-01-15T11:13:18Z,,2020-05-29T10:54:47Z,,,2019-05-31T15:46:08Z,mov_26,TRUE,97.0603587962963,TRUE,363.797673611111,13,0.206349206349206,1,FALSE,FALSE,FALSE,0
TJSP_G1_00156345620198260071,00156345620198260071,TJSP,G1,436,59925,,2019,2019-07-02T11:30:43Z,2024-08-02T00:07:27Z,21,2019-07-02T11:36:34Z,,2019-07-05T10:15:07Z,,,2019-07-03T08:29:54Z,,2019-12-12T08:35:21Z,,,,2020-01-27T08:15:47Z,,,2019-07-02T11:36:34Z,mov_26,TRUE,162.874155092593,TRUE,208.86056712963,3,0.142857142857143,1,FALSE,FALSE,FALSE,0
TJSP_G1_00156362620198260071,00156362620198260071,TJSP,G1,436,59925,,2019,2019-07-02T11:34:34Z,2024-08-02T00:07:28Z,59,2019-07-02T11:37:28Z,,2019-07-03T16:08:41Z,,,2019-07-02T11:39:14Z,,2020-11-03T09:59:51Z,,,,2021-01-07T16:15:22Z,,,2019-07-02T11:37:28Z,mov_26,TRUE,489.932210648148,TRUE,555.192986111111,9,0.152542372881356,1,FALSE,FALSE,FALSE,0
TJSP_G1_00240293720198260071,00240293720198260071,TJSP,G1,436,59925,,2019,2019-10-01T08:26:48Z,2024-08-02T00:12:37Z,27,2019-10-01T08:34:51Z,,2019-10-10T10:34:23Z,,,2019-10-01T08:37:14Z,,2019-11-01T12:05:51Z,,,,2020-01-29T11:17:54Z,,,2019-10-01T08:34:51Z,mov_26,TRUE,31.1465277777778,TRUE,120.113229166667,3,0.111111111111111,1,FALSE,FALSE,FALSE,0
TJSP_G1_10005477620198260060,10005477620198260060,TJSP,G1,7,9343,,2019,2019-05-21T01:22:22Z,2024-08-02T03:55:53Z,35,2019-05-21T01:30:30Z,,,,,,,,,,,,,,2019-05-21T01:30:30Z,mov_26,FALSE,1900.10096064815,FALSE,1900.10096064815,8,0.228571428571429,0,FALSE,FALSE,FALSE,0
TJSP_G1_10005676720198260060,10005676720198260060,TJSP,G1,7,9343,,2019,2019-05-24T15:33:41Z,2024-08-02T03:56:04Z,91,2019-05-24T15:46:09Z,,2019-06-17T09:45:58Z,,,2019-06-11T12:41:28Z,2020-06-29T08:02:22Z,2020-07-03T12:10:12Z,,,,,,2020-08-26T07:58:57Z,2019-05-24T15:46:09Z,mov_26,TRUE,405.850034722222,FALSE,1896.50688657407,9,0.0989010989010989,1,FALSE,FALSE,FALSE,0
TJSP_G1_10005945020198260060,10005945020198260060,TJSP,G1,7,9343,,2019,2019-05-30T17:53:26Z,2024-08-02T04:28:28Z,53,2019-05-30T18:01:55Z,,,,,,2020-01-15T17:06:37Z,2020-01-20T09:21:11Z,2021-06-15T14:51:26Z,,,,,2020-08-21T09:11:08Z,2019-05-30T18:01:55Z,mov_26,TRUE,234.63837962963,FALSE,1890.43510416667,13,0.245283018867925,1,FALSE,FALSE,FALSE,0
TJSP_G1_10006603020198260060,10006603020198260060,TJSP,G1,7,9343,,2019,2019-06-17T17:10:44Z,2024-08-02T04:10:39Z,53,2019-06-17T17:16:28Z,,,,,,2020-01-14T13:47:51Z,2020-01-17T11:55:30Z,2021-06-15T14:55:18Z,2021-11-23T22:04:30Z,,,,,2019-06-17T17:16:28Z,mov_26,TRUE,213.777106481481,FALSE,1872.45429398148,10,0.188679245283019,1,FALSE,FALSE,FALSE,0
TJSP_G1_10023075120198260063,10023075120198260063,TJSP,G1,7,9356,,2019,2019-08-26T11:41:12Z,2024-08-02T04:28:31Z,106,2019-08-26T11:45:32Z,,2020-11-30T19:44:27Z,,,,2022-10-25T15:44:53Z,2019-10-30T15:18:09Z,2020-04-02T16:32:48Z,2020-11-30T11:38:29Z,,,,,2019-08-26T11:45:32Z,mov_26,TRUE,65.147650462963,FALSE,1802.6965162037,19,0.179245283018868,2,FALSE,FALSE,FALSE,0
TJSP_G1_10047524120198260322,10047524120198260322,TJSP,G1,436,9849,,2019,2019-10-05T16:57:07Z,2024-08-02T04:59:09Z,43,2019-10-05T17:10:14Z,,2019-10-08T11:44:46Z,,,,2019-10-31T10:45:23Z,2020-06-02T13:19:19Z,2020-07-29T11:34:44Z,2021-05-05T16:53:09Z,,2021-07-28T15:35:19Z,,,2019-10-05T17:10:14Z,mov_26,TRUE,240.839641203704,TRUE,661.934085648148,5,0.116279069767442,1,FALSE,FALSE,FALSE,0
TJSP_G1_10057868420198260408,10057868420198260408,TJSP,G1,7,9999,,2019,2019-09-30T19:44:49Z,2024-08-02T02:06:33Z,61,2019-09-30T19:55:15Z,,2019-10-02T10:36:37Z,,,2019-10-01T17:51:50Z,,2021-03-22T09:37:31Z,,,,2021-10-01T18:48:13Z,,2021-07-19T15:10:36Z,2019-09-30T19:55:15Z,mov_26,TRUE,538.571018518519,TRUE,731.953449074074,22,0.360655737704918,2,FALSE,FALSE,FALSE,0
TJSP_G1_10074858020198260224,10074858020198260224,TJSP,G1,7,9664,,2019,2019-03-08T13:36:49Z,2024-07-20T02:24:44Z,188,2019-03-08T14:04:18Z,,2019-06-17T11:14:43Z,,,,2021-08-06T10:02:31Z,2024-06-08T18:38:12Z,,,,,,,2019-03-08T14:04:18Z,mov_26,TRUE,1919.19020833333,FALSE,1960.51418981482,31,0.164893617021277,1,FALSE,FALSE,FALSE,0
TJSP_G1_10081855620198260224,10081855620198260224,TJSP,G1,7,9682,,2019,2019-03-14T11:09:36Z,2024-07-20T05:26:19Z,155,2019-03-14T11:34:15Z,2019-03-14T15:22:50Z,2019-04-26T11:54:02Z,,2019-08-26T16:13:18Z,,2021-09-27T16:54:33Z,2022-03-28T17:45:57Z,2022-12-05T12:28:15Z,2023-06-21T16:45:47Z,,,,,2019-03-14T11:34:15Z,mov_26,TRUE,1110.258125,FALSE,1954.74449074074,31,0.2,1,FALSE,FALSE,FALSE,0
TJSP_G1_10099012120198260224,10099012120198260224,TJSP,G1,7,9655,,2019,2019-03-26T13:58:58Z,2024-07-19T17:20:39Z,125,2019-03-26T14:03:19Z,,2019-04-23T17:03:56Z,,2020-10-16T16:42:17Z,,2022-03-10T11:06:25Z,2022-05-08T21:55:46Z,2022-07-21T08:44:01Z,2024-03-27T11:32:19Z,2024-05-29T09:52:46Z,,,,2019-03-26T14:03:19Z,mov_26,TRUE,1139.32809027778,FALSE,1942.13703703704,21,0.168,1,FALSE,FALSE,FALSE,0
TJSP_G1_10104892820198260224,10104892820198260224,TJSP,G1,7,9656,,2019,2019-03-29T10:33:22Z,2024-07-20T01:36:19Z,119,2019-03-29T11:01:40Z,,2019-04-01T14:30:57Z,,,,2021-09-23T12:38:43Z,2021-09-27T16:45:37Z,,,,2021-12-30T12:20:36Z,,2021-12-02T17:20:43Z,2019-03-29T11:01:40Z,mov_26,TRUE,913.238854166667,TRUE,1007.05481481481,13,0.109243697478992,1,TRUE,FALSE,FALSE,0
TJSP_G1_10401127020198260602,10401127020198260602,TJSP,G1,436,10677,,2019,2019-10-29T14:38:32Z,2024-08-02T00:22:21Z,47,2019-10-29T14:46:06Z,,2020-02-12T18:29:28Z,,,,2020-03-27T16:24:28Z,2020-04-01T23:56:48Z,,,,2021-08-19T14:10:59Z,,2021-06-11T13:22:12Z,2019-10-29T14:46:06Z,mov_26,TRUE,155.382430555556,TRUE,659.975613425926,7,0.148936170212766,1,FALSE,FALSE,FALSE,0
TJSP_JE_00065356020198260007,00065356020198260007,TJSP,JE,436,10850,,2019,2019-03-25T16:59:23Z,2024-08-02T00:08:44Z,56,2019-03-25T17:07:31Z,,2019-04-01T18:46:31Z,,,2019-03-25T17:08:34Z,2019-05-17T15:21:35Z,2019-05-20T14:44:26Z,2019-06-11T12:52:16Z,,,2019-11-26T11:03:33Z,,2019-11-25T12:32:54Z,2019-03-25T17:07:31Z,mov_26,TRUE,55.9006365740741,TRUE,245.74724537037,8,0.142857142857143,1,FALSE,FALSE,FALSE,0
